,iter,Prob_algo,Rand
0,100,0.5778193646645008,0.549289560027907
1,200,0.6152754743444092,0.12272970645478112
2,300,0.2468007998244847,0.5484136192155128
3,400,0.3837069654307268,0.5331955433455025
4,500,0.3438853544833691,0.5400982319064827
5,600,0.5703373732214438,0.5475103427558539
6,700,0.5904995304503466,0.5325904926325359
7,800,0.08709020505414472,0.4370768707410353
8,900,0.5794392229806374,0.47880970954617924
9,1000,0.5691805985497701,0.5085516237954079
