,iter,Prob_algo,Rand
0,100,0.0,13.142002809432839
1,200,2.3760053432713124,5.949996187907721
2,300,2.8021940942907646,12.924545367046045
3,400,0.0,3.528137602474495
4,500,0.0,10.268535744070421
5,600,0.0,10.19561446176706
6,700,0.0,3.8669673049091795
7,800,0.0,11.38547422440746
8,900,3.313072690864801,10.793715715617058
9,1000,0.0,2.268985784942362
